VEHICLE_NAME,VEHICLE_TID,ORGUNIT_NAME,VEHICLE_MODEL,VEHICLE_ID,ORGUNIT_ID,OPD_DATE
2500,2500,GoBus,45AC,2500,1844976,15-AUG-22
2600,2600,GoBus,MCI,2600,1844976,17-JAN-23
8300,8300,GoBus,DDS,8300,1844976,22-MAR-23
8400,8400,GoBus,DDS,8400,1844976,17-JAN-23
8500,8500,GoBus,DDS,8500,1844976,22-MAR-23
2171,2171,GoBus,45AC,2171,1844976,28-DEC-20
2227,2227,GoBus,45AC,2227,1844976,23-SEP-21
2274,2274,GoBus,45AC,2274,1844976,11-FEB-21
2421,2421,GoBus,45AC,2421,1844976,08-OCT-20
2426,2426,GoBus,45AC,2426,1844976,21-JUN-22
2432,2432,GoBus,MCI,2432,1844976,22-MAR-23
2433,2433,GoBus,MCI,2433,1844976,22-FEB-23
2434,N/A (id=2434),GoBus,<NULL>,2434,1844976,04-FEB-23
2437,2437,GoBus,MCI,2437,1844976,17-JAN-23
2438,2438,GoBus,MCI,2438,1844976,07-FEB-23
2439,2439,GoBus,MCI,2439,1844976,21-FEB-23
2441,2441,GoBus,MCI,2441,1844976,20-MAR-23
2442,2442,GoBus,MCI,2442,1844976,04-FEB-23
2444,2444,GoBus,45AC,2444,1844976,07-APR-22
2445,2445,GoBus,45AC,2445,1844976,17-AUG-22
2446,2446,GoBus,MCI,2446,1844976,09-MAR-23
2447,2447,GoBus,45AC,2447,1844976,28-MAY-21
2448,2448,GoBus,MCI,2448,1844976,22-FEB-23
2449,2449,GoBus,MCI,2449,1844976,22-MAR-23
2450,2450,GoBus,MCI,2450,1844976,22-MAR-23
2451,2451,GoBus,MCI,2451,1844976,25-FEB-23
2452,2452,GoBus,MCI,2452,1844976,07-FEB-23
2453,2453,GoBus,MCI,2453,1844976,22-MAR-23
2454,2454,GoBus,45AC,2454,1844976,17-AUG-22
2455,2455,GoBus,MCI,2455,1844976,22-FEB-23
2456,2456,GoBus,MCI,2456,1844976,15-MAR-23
2457,2457,GoBus,MCI,2457,1844976,25-FEB-23
2458,2458,GoBus,MCI,2458,1844976,22-MAR-23
2459,2459,GoBus,45AC,2459,1844976,17-AUG-22
2460,2460,GoBus,MCI,2460,1844976,22-FEB-23
2461,2461,GoBus,MCI,2461,1844976,25-FEB-23
2462,2462,GoBus,MCI,2462,1844976,22-FEB-23
2463,2463,GoBus,MCI,2463,1844976,25-FEB-23
2464,2464,GoBus,MCI,2464,1844976,07-FEB-23
2465,2465,GoBus,MCI,2465,1844976,22-FEB-23
2466,2466,GoBus,MCI,2466,1844976,09-MAR-23
2467,2467,GoBus,MCI,2467,1844976,21-FEB-23
2468,2468,GoBus,MCI,2468,1844976,22-FEB-23
2469,2469,GoBus,45AC,2469,1844976,10-MAY-22
2470,2470,GoBus,MCI,2470,1844976,22-MAR-23
2471,2471,GoBus,MCI,2471,1844976,09-MAR-23
2472,2472,GoBus,MCI,2472,1844976,25-FEB-23
2473,2473,GoBus,MCI,2473,1844976,22-MAR-23
2474,2474,GoBus,MCI,2474,1844976,22-MAR-23
2477,2477,GoBus,MCI,2477,1844976,09-MAR-23
2478,2478,GoBus,MCI,2478,1844976,21-FEB-23
2479,2479,GoBus,MCI,2479,1844976,22-MAR-23
2480,2480,GoBus,MCI,2480,1844976,25-FEB-23
2481,2481,GoBus,MCI,2481,1844976,22-MAR-23
2482,2482,GoBus,MCI,2482,1844976,17-JAN-23
2483,2483,GoBus,MCI,2483,1844976,09-MAR-23
2484,2484,GoBus,MCI,2484,1844976,22-MAR-23
2485,2485,GoBus,MCI,2485,1844976,09-MAR-23
2486,2486,GoBus,MCI,2486,1844976,25-FEB-23
2487,2487,GoBus,MCI,2487,1844976,09-MAR-23
2488,2488,GoBus,MCI,2488,1844976,22-FEB-23
2489,2489,GoBus,45AC,2489,1844976,14-SEP-22
2490,2490,GoBus,MCI,2490,1844976,16-DEC-22
2491,2491,GoBus,MCI,2491,1844976,22-MAR-23
2492,2492,GoBus,MCI,2492,1844976,25-FEB-23
2493,2493,GoBus,MCI,2493,1844976,07-FEB-23
2494,2494,GoBus,MCI,2494,1844976,18-MAR-23
2497,2497,GoBus,MCI,2497,1844976,22-FEB-23
2498,2498,GoBus,MCI,2498,1844976,22-FEB-23
2499,2499,GoBus,45AC,2499,1844976,17-AUG-22
2501,2501,GoBus,45AC,2501,1844976,23-JUL-22
2502,2502,GoBus,MCI,2502,1844976,17-JAN-23
2503,2503,GoBus,45AC,2503,1844976,19-JUN-22
2504,2504,GoBus,45AC,2504,1844976,17-AUG-22
2505,2505,GoBus,MCI,2505,1844976,22-FEB-23
2507,2507,GoBus,MCI,2507,1844976,17-JAN-23
2508,2508,GoBus,MCI,2508,1844976,15-MAR-23
2509,2509,GoBus,45AC,2509,1844976,13-SEP-22
2510,2510,GoBus,MCI,2510,1844976,07-FEB-23
2512,2512,GoBus,MCI,2512,1844976,25-FEB-23
2513,2513,GoBus,MCI,2513,1844976,07-FEB-23
2515,2515,GoBus,MCI,2515,1844976,22-FEB-23
2516,2516,GoBus,MCI,2516,1844976,22-FEB-23
2517,2517,GoBus,MCI,2517,1844976,22-FEB-23
2518,2518,GoBus,MCI,2518,1844976,16-DEC-22
2520,2520,GoBus,MCI,2520,1844976,22-MAR-23
2521,2521,GoBus,45AC,2521,1844976,15-AUG-22
2522,2522,GoBus,MCI,2522,1844976,07-FEB-23
2523,2523,GoBus,45AC,2523,1844976,27-JUN-22
2524,2524,GoBus,MCI,2524,1844976,22-MAR-23
2525,2525,GoBus,MCI,2525,1844976,22-FEB-23
2526,2526,GoBus,MCI,2526,1844976,22-FEB-23
2527,2527,GoBus,MCI,2527,1844976,09-MAR-23
2528,2528,GoBus,MCI,2528,1844976,25-FEB-23
2529,2529,GoBus,MCI,2529,1844976,09-MAR-23
2530,2530,GoBus,45AC,2530,1844976,14-FEB-22
2531,2531,GoBus,MCI,2531,1844976,22-MAR-23
2532,2532,GoBus,MCI,2532,1844976,07-FEB-23
2533,2533,GoBus,MCI,2533,1844976,22-MAR-23
2534,2534,GoBus,45AC,2534,1844976,14-AUG-22
2535,2535,GoBus,45AC,2535,1844976,14-FEB-22
2536,2536,GoBus,MCI,2536,1844976,22-MAR-23
2538,2538,GoBus,MCI,2538,1844976,22-MAR-23
2539,2539,GoBus,MCI,2539,1844976,22-MAR-23
2542,2542,GoBus,MCI,2542,1844976,22-MAR-23
2543,2543,GoBus,MCI,2543,1844976,22-FEB-23
2544,2544,GoBus,MCI,2544,1844976,16-DEC-22
2545,2545,GoBus,MCI,2545,1844976,22-MAR-23
2546,2546,GoBus,45AC,2546,1844976,09-MAR-22
2547,2547,GoBus,MCI,2547,1844976,17-JAN-23
2548,2548,GoBus,MCI,2548,1844976,15-MAR-23
2550,2550,GoBus,45AC,2550,1844976,13-SEP-22
2551,2551,GoBus,45AC,2551,1844976,20-MAY-22
2552,2552,GoBus,MCI,2552,1844976,17-JAN-23
2553,2553,GoBus,MCI,2553,1844976,18-MAR-23
2554,2554,GoBus,MCI,2554,1844976,21-MAR-23
2555,2555,GoBus,MCI,2555,1844976,25-FEB-23
2556,2556,GoBus,MCI,2556,1844976,22-MAR-23
2557,2557,GoBus,MCI,2557,1844976,22-FEB-23
2558,2558,GoBus,MCI,2558,1844976,22-FEB-23
2559,2559,GoBus,45AC,2559,1844976,13-SEP-22
2560,2560,GoBus,MCI,2560,1844976,09-MAR-23
2561,2561,GoBus,MCI,2561,1844976,22-MAR-23
2562,2562,GoBus,45AC,2562,1844976,14-SEP-22
2563,2563,GoBus,MCI,2563,1844976,22-MAR-23
2564,2564,GoBus,MCI,2564,1844976,22-FEB-23
2565,2565,GoBus,MCI,2565,1844976,22-MAR-23
2566,2566,GoBus,MCI,2566,1844976,22-MAR-23
2567,2567,GoBus,45AC,2567,1844976,22-MAR-22
2568,2568,GoBus,45AC,2568,1844976,13-JUL-22
2569,2569,GoBus,MCI,2569,1844976,22-MAR-23
2570,2570,GoBus,MCI,2570,1844976,21-FEB-23
2571,2571,GoBus,MCI,2571,1844976,22-MAR-23
2572,2572,GoBus,45AC,2572,1844976,01-JUN-22
2573,2573,GoBus,MCI,2573,1844976,22-FEB-23
2574,2574,GoBus,MCI,2574,1844976,07-FEB-23
2575,2575,GoBus,MCI,2575,1844976,22-FEB-23
2576,2576,GoBus,MCI,2576,1844976,22-MAR-23
2577,2577,GoBus,MCI,2577,1844976,21-FEB-23
2578,2578,GoBus,MCI,2578,1844976,22-MAR-23
2579,2579,GoBus,MCI,2579,1844976,21-FEB-23
2580,2580,GoBus,MCI,2580,1844976,25-FEB-23
2581,2581,GoBus,MCI,2581,1844976,09-MAR-23
2582,2582,GoBus,MCI,2582,1844976,22-MAR-23
2583,2583,GoBus,MCI,2583,1844976,22-MAR-23
2584,2584,GoBus,MCI,2584,1844976,22-MAR-23
2585,2585,GoBus,MCI,2585,1844976,22-FEB-23
2586,2586,GoBus,MCI,2586,1844976,22-FEB-23
2587,2587,GoBus,MCI,2587,1844976,22-FEB-23
2588,2588,GoBus,MCI,2588,1844976,22-MAR-23
2589,2589,GoBus,MCI,2589,1844976,25-FEB-23
2590,2590,GoBus,MCI,2590,1844976,22-MAR-23
2591,2591,GoBus,MCI,2591,1844976,22-FEB-23
2592,2592,GoBus,MCI,2592,1844976,22-FEB-23
2593,2593,GoBus,MCI,2593,1844976,16-DEC-22
2594,2594,GoBus,MCI,2594,1844976,22-FEB-23
2595,2595,GoBus,MCI,2595,1844976,22-FEB-23
2596,2596,GoBus,MCI,2596,1844976,22-MAR-23
2597,2597,GoBus,MCI,2597,1844976,22-MAR-23
2598,2598,GoBus,MCI,2598,1844976,09-MAR-23
2599,2599,GoBus,MCI,2599,1844976,22-MAR-23
2601,2601,GoBus,MCI,2601,1844976,09-MAR-23
2602,2602,GoBus,MCI,2602,1844976,09-MAR-23
2603,2603,GoBus,MCI,2603,1844976,22-MAR-23
2604,2604,GoBus,45AC,2604,1844976,28-JUN-22
2605,2605,GoBus,MCI,2605,1844976,16-DEC-22
2606,2606,GoBus,MCI,2606,1844976,22-MAR-23
2607,2607,GoBus,MCI,2607,1844976,22-MAR-23
2608,2608,GoBus,MCI,2608,1844976,22-FEB-23
2609,2609,GoBus,MCI,2609,1844976,25-FEB-23
2611,2611,GoBus,MCI,2611,1844976,25-FEB-23
2612,2612,GoBus,MCI,2612,1844976,22-MAR-23
2613,2613,GoBus,MCI,2613,1844976,25-FEB-23
2614,2614,GoBus,MCI,2614,1844976,17-JAN-23
2615,2615,GoBus,MCI,2615,1844976,15-AUG-22
2616,2616,GoBus,MCI,2616,1844976,22-MAR-23
8016,8016,GoBus,DDH,8016,1844976,10-AUG-22
8106,8106,GoBus,DDL,8106,1844976,01-JUN-21
8108,8108,GoBus,DDL,8108,1844976,27-JUL-21
8114,8114,GoBus,DDL,8114,1844976,28-APR-22
8115,8115,GoBus,DDL,8115,1844976,12-JAN-21
8121,8121,GoBus,DDL,8121,1844976,06-JUL-21
8124,8124,GoBus,DDL,8124,1844976,17-JAN-22
8135,8135,GoBus,DDL,8135,1844976,13-DEC-21
8138,8138,GoBus,DDL,8138,1844976,17-JUN-21
8147,8147,GoBus,DDL,8147,1844976,29-JUN-21
8150,8150,GoBus,DDL,8150,1844976,13-JAN-22
8155,8155,GoBus,DDL,8155,1844976,30-JUN-21
8168,8168,GoBus,DDL,8168,1844976,07-JUL-21
8169,8169,GoBus,DDL,8169,1844976,17-JUN-21
8187,8187,GoBus,DDL,8187,1844976,14-DEC-21
8197,8197,GoBus,DDL,8197,1844976,02-SEP-21
8205,8205,GoBus,DDL,8205,1844976,06-JUL-21
8301,8301,GoBus,DDS,8301,1844976,22-MAR-23
8302,8302,GoBus,DDS,8302,1844976,22-MAR-23
8303,8303,GoBus,DDS,8303,1844976,09-MAR-23
8304,8304,GoBus,DDS,8304,1844976,14-JUL-22
8305,8305,GoBus,DDS,8305,1844976,22-MAR-23
8306,8306,GoBus,DDS,8306,1844976,22-MAR-23
8307,8307,GoBus,DDS,8307,1844976,14-SEP-22
8308,8308,GoBus,DDS,8308,1844976,22-MAR-23
8309,8309,GoBus,DDS,8309,1844976,22-FEB-23
8310,8310,GoBus,DDS,8310,1844976,22-MAR-23
8311,8311,GoBus,DDS,8311,1844976,14-JUL-22
8312,8312,GoBus,DDS,8312,1844976,20-JUL-22
8314,8314,GoBus,DDS,8314,1844976,22-MAR-23
8315,8315,GoBus,DDS,8315,1844976,22-MAR-23
8316,8316,GoBus,DDS,8316,1844976,22-MAR-23
8317,8317,GoBus,DDS,8317,1844976,22-MAR-23
8318,8318,GoBus,DDS,8318,1844976,22-MAR-23
8319,8319,GoBus,DDS,8319,1844976,20-APR-21
8321,8321,GoBus,DDS,8321,1844976,31-MAR-21
8322,8322,GoBus,DDS,8322,1844976,22-MAR-23
8323,8323,GoBus,DDS,8323,1844976,07-FEB-23
8324,8324,GoBus,DDS,8324,1844976,14-AUG-22
8325,8325,GoBus,DDS,8325,1844976,22-MAR-23
8326,8326,GoBus,DDS,8326,1844976,01-JUL-22
8327,8327,GoBus,DDS,8327,1844976,22-MAR-23
8328,8328,GoBus,DDS,8328,1844976,22-MAR-23
8329,8329,GoBus,DDS,8329,1844976,22-MAR-23
8330,8330,GoBus,DDS,8330,1844976,22-MAR-23
8331,8331,GoBus,DDS,8331,1844976,22-MAR-23
8332,8332,GoBus,DDS,8332,1844976,22-MAR-23
8333,8333,GoBus,DDS,8333,1844976,22-MAR-23
8334,8334,GoBus,DDS,8334,1844976,22-MAR-23
8335,8335,GoBus,DDS,8335,1844976,22-MAR-23
8336,8336,GoBus,DDS,8336,1844976,22-MAR-23
8337,8337,GoBus,DDS,8337,1844976,22-MAR-23
8338,8338,GoBus,DDS,8338,1844976,22-MAR-23
8339,8339,GoBus,DDS,8339,1844976,22-MAR-23
8340,8340,GoBus,DDS,8340,1844976,22-MAR-23
8341,8341,GoBus,DDS,8341,1844976,22-MAR-23
8342,8342,GoBus,DDS,8342,1844976,14-SEP-22
8343,8343,GoBus,DDS,8343,1844976,25-FEB-23
8344,8344,GoBus,DDS,8344,1844976,22-MAR-23
8345,8345,GoBus,DDS,8345,1844976,22-MAR-23
8346,8346,GoBus,DDS,8346,1844976,22-MAR-23
8347,8347,GoBus,DDS,8347,1844976,22-MAR-23
8348,8348,GoBus,DDS,8348,1844976,22-MAR-23
8349,8349,GoBus,DDS,8349,1844976,25-FEB-23
8350,8350,GoBus,DDS,8350,1844976,22-MAR-23
8351,8351,GoBus,DDS,8351,1844976,22-MAR-23
8352,8352,GoBus,DDS,8352,1844976,22-MAR-23
8353,8353,GoBus,DDS,8353,1844976,14-SEP-22
8355,8355,GoBus,DDS,8355,1844976,22-MAR-23
8356,8356,GoBus,DDS,8356,1844976,22-MAR-23
8357,8357,GoBus,DDS,8357,1844976,22-MAR-23
8358,8358,GoBus,DDS,8358,1844976,22-MAR-23
8359,8359,GoBus,DDS,8359,1844976,22-MAR-23
8360,8360,GoBus,DDS,8360,1844976,26-JUL-22
8361,8361,GoBus,DDS,8361,1844976,16-DEC-22
8362,8362,GoBus,DDS,8362,1844976,09-MAR-23
8363,8363,GoBus,DDS,8363,1844976,22-MAR-23
8364,8364,GoBus,DDS,8364,1844976,14-SEP-22
8365,8365,GoBus,DDS,8365,1844976,22-MAR-23
8366,8366,GoBus,DDS,8366,1844976,22-MAR-23
8367,8367,GoBus,DDS,8367,1844976,22-MAR-23
8368,8368,GoBus,DDS,8368,1844976,22-MAR-23
8369,8369,GoBus,DDS,8369,1844976,21-MAR-23
8370,8370,GoBus,DDS,8370,1844976,22-MAR-23
8371,8371,GoBus,DDS,8371,1844976,22-MAR-23
8372,8372,GoBus,DDS,8372,1844976,15-MAR-23
8373,8373,GoBus,DDS,8373,1844976,22-MAR-23
8374,8374,GoBus,DDS,8374,1844976,14-SEP-22
8375,8375,GoBus,DDS,8375,1844976,28-NOV-20
8376,8376,GoBus,DDS,8376,1844976,22-MAR-23
8377,8377,GoBus,DDS,8377,1844976,25-FEB-23
8378,8378,GoBus,DDS,8378,1844976,22-MAR-23
8379,8379,GoBus,DDS,8379,1844976,22-MAR-23
8380,8380,GoBus,DDS,8380,1844976,22-MAR-23
8381,8381,GoBus,DDS,8381,1844976,22-MAR-23
8382,8382,GoBus,DDS,8382,1844976,22-MAR-23
8383,8383,GoBus,DDS,8383,1844976,22-MAR-23
8384,8384,GoBus,DDS,8384,1844976,22-FEB-23
8385,8385,GoBus,DDS,8385,1844976,22-MAR-23
8386,8386,GoBus,DDS,8386,1844976,01-JUL-22
8387,8387,GoBus,DDS,8387,1844976,22-MAR-23
8388,8388,GoBus,DDS,8388,1844976,22-MAR-23
8389,8389,GoBus,DDS,8389,1844976,25-FEB-23
8390,8390,GoBus,DDS,8390,1844976,25-FEB-23
8391,8391,GoBus,DDS,8391,1844976,22-MAR-23
8392,8392,GoBus,DDS 2018,8392,1844976,30-DEC-21
8393,8393,GoBus,DDS 2018,8393,1844976,16-JUN-22
8394,8394,GoBus,DDS,8394,1844976,22-MAR-23
8395,8395,GoBus,DDS,8395,1844976,22-MAR-23
8396,8396,GoBus,DDS 2018,8396,1844976,23-JAN-22
8397,8397,GoBus,DDS 2018,8397,1844976,02-MAY-22
8398,8398,GoBus,DDS 2018,8398,1844976,22-MAR-22
8399,8399,GoBus,DDS,8399,1844976,22-MAR-23
8401,8401,GoBus,DDS,8401,1844976,22-FEB-23
8402,8402,GoBus,DDS,8402,1844976,22-MAR-23
8403,8403,GoBus,DDS,8403,1844976,22-MAR-23
8404,8404,GoBus,DDS,8404,1844976,22-MAR-23
8405,8405,GoBus,DDS,8405,1844976,09-MAR-23
8406,8406,GoBus,DDS,8406,1844976,25-FEB-23
8407,8407,GoBus,DDS 2018,8407,1844976,14-SEP-22
8408,8408,GoBus,DDS 2018,8408,1844976,17-MAR-22
8409,8409,GoBus,DDS,8409,1844976,22-MAR-23
8410,8410,GoBus,DDS,8410,1844976,22-MAR-23
8411,8411,GoBus,DDS,8411,1844976,22-MAR-23
8412,8412,GoBus,DDS,8412,1844976,25-FEB-23
8413,8413,GoBus,DDS,8413,1844976,22-MAR-23
8414,8414,GoBus,DDS,8414,1844976,25-FEB-23
8415,8415,GoBus,DDS,8415,1844976,22-MAR-23
8416,8416,GoBus,DDS,8416,1844976,22-MAR-23
8417,8417,GoBus,DDS,8417,1844976,22-MAR-23
8418,8418,GoBus,DDS,8418,1844976,25-FEB-23
8419,8419,GoBus,DDS,8419,1844976,22-MAR-23
8420,8420,GoBus,DDS 2018,8420,1844976,26-JUL-22
8421,8421,GoBus,DDS,8421,1844976,22-MAR-23
8422,8422,GoBus,DDS,8422,1844976,22-MAR-23
8423,8423,GoBus,DDS,8423,1844976,09-MAR-23
8424,8424,GoBus,DDS,8424,1844976,22-MAR-23
8425,8425,GoBus,DDS,8425,1844976,07-FEB-23
8426,8426,GoBus,DDS,8426,1844976,22-MAR-23
8427,8427,GoBus,DDS,8427,1844976,25-FEB-23
8428,8428,GoBus,DDS,8428,1844976,22-MAR-23
8429,8429,GoBus,DDS,8429,1844976,22-MAR-23
8430,8430,GoBus,DDS 2018,8430,1844976,14-SEP-22
8431,8431,GoBus,DDS,8431,1844976,22-MAR-23
8432,8432,GoBus,DDS 2018,8432,1844976,17-AUG-22
8433,8433,GoBus,DDS,8433,1844976,22-MAR-23
8434,8434,GoBus,DDS,8434,1844976,22-MAR-23
8435,8435,GoBus,DDS 2018,8435,1844976,14-SEP-22
8436,8436,GoBus,DDS 2018,8436,1844976,23-OCT-21
8437,8437,GoBus,DDS,8437,1844976,22-MAR-23
8438,8438,GoBus,DDS,8438,1844976,22-MAR-23
8439,8439,GoBus,DDS,8439,1844976,22-MAR-23
8440,8440,GoBus,DDS 2018,8440,1844976,28-OCT-21
8441,8441,GoBus,DDS,8441,1844976,25-FEB-23
8442,8442,GoBus,DDS,8442,1844976,22-MAR-23
8444,8444,GoBus,DDS,8444,1844976,22-MAR-23
8445,8445,GoBus,DDS,8445,1844976,22-MAR-23
8446,8446,GoBus,DDS,8446,1844976,22-MAR-23
8447,8447,GoBus,DDS,8447,1844976,25-FEB-23
8448,8448,GoBus,DDS,8448,1844976,25-FEB-23
8449,8449,GoBus,DDS,8449,1844976,22-MAR-23
8450,8450,GoBus,DDS,8450,1844976,22-MAR-23
8451,8451,GoBus,DDS,8451,1844976,25-FEB-23
8452,8452,GoBus,DDS,8452,1844976,07-FEB-23
8453,8453,GoBus,DDS,8453,1844976,22-MAR-23
8454,8454,GoBus,DDS 2018,8454,1844976,12-AUG-22
8455,8455,GoBus,DDS,8455,1844976,04-FEB-23
8456,8456,GoBus,DDS,8456,1844976,22-MAR-23
8457,8457,GoBus,DDS,8457,1844976,22-MAR-23
8458,8458,GoBus,DDS,8458,1844976,22-MAR-23
8459,8459,GoBus,DDS,8459,1844976,22-MAR-23
8460,8460,GoBus,DDS,8460,1844976,22-MAR-23
8461,8461,GoBus,DDS,8461,1844976,25-FEB-23
8462,8462,GoBus,DDS 2018,8462,1844976,14-SEP-22
8463,8463,GoBus,DDS,8463,1844976,22-MAR-23
8464,8464,GoBus,DDS,8464,1844976,22-MAR-23
8465,8465,GoBus,DDS,8465,1844976,22-MAR-23
8466,8466,GoBus,DDS 2018,8466,1844976,15-AUG-22
8467,8467,GoBus,DDS 2018,8467,1844976,02-AUG-22
8468,8468,GoBus,DDS 2018,8468,1844976,14-SEP-22
8469,8469,GoBus,DDS 2018,8469,1844976,15-AUG-22
8470,8470,GoBus,DDS,8470,1844976,22-MAR-23
8471,8471,GoBus,DDS,8471,1844976,09-MAR-23
8472,8472,GoBus,DDS,8472,1844976,09-MAR-23
8473,8473,GoBus,DDS,8473,1844976,22-MAR-23
8474,8474,GoBus,DDS,8474,1844976,16-DEC-22
8475,8475,GoBus,DDS 2018,8475,1844976,13-SEP-22
8476,8476,GoBus,DDS,8476,1844976,22-MAR-23
8477,8477,GoBus,DDS,8477,1844976,22-MAR-23
8478,8478,GoBus,DDS 2018,8478,1844976,19-JUL-22
8479,8479,GoBus,DDS 2018,8479,1844976,06-AUG-22
8480,8480,GoBus,DDS,8480,1844976,22-MAR-23
8481,8481,GoBus,DDS,8481,1844976,22-MAR-23
8482,8482,GoBus,DDS 2018,8482,1844976,14-SEP-22
8483,8483,GoBus,DDS,8483,1844976,22-MAR-23
8484,8484,GoBus,DDS,8484,1844976,22-MAR-23
8485,8485,GoBus,DDS,8485,1844976,22-MAR-23
8486,8486,GoBus,DDS,8486,1844976,22-MAR-23
8487,8487,GoBus,DDS,8487,1844976,18-MAR-23
8488,8488,GoBus,DDS 2018,8488,1844976,17-AUG-22
8489,8489,GoBus,DDS,8489,1844976,22-MAR-23
8490,8490,GoBus,DDS 2018,8490,1844976,13-AUG-22
8491,8491,GoBus,DDS,8491,1844976,22-MAR-23
8492,8492,GoBus,DDS,8492,1844976,22-MAR-23
8493,8493,GoBus,DDS,8493,1844976,22-MAR-23
8495,8495,GoBus,DDS,8495,1844976,22-MAR-23
8496,8496,GoBus,DDS,8496,1844976,22-MAR-23
8497,8497,GoBus,DDS,8497,1844976,22-MAR-23
8498,8498,GoBus,DDS 2018,8498,1844976,11-AUG-22
8499,8499,GoBus,DDS,8499,1844976,22-MAR-23
8501,8501,GoBus,DDS 2018,8501,1844976,04-JUL-21
8502,8502,GoBus,DDS,8502,1844976,22-MAR-23
8503,8503,GoBus,DDS,8503,1844976,22-MAR-23
8504,8504,GoBus,DDS,8504,1844976,22-MAR-23
8505,8505,GoBus,DDS 2018,8505,1844976,04-JUL-22
8506,8506,GoBus,DDS 2018,8506,1844976,19-MAY-22
8507,8507,GoBus,DDS,8507,1844976,21-MAR-23
8508,8508,GoBus,DDS,8508,1844976,22-MAR-23
8509,8509,GoBus,DDS,8509,1844976,22-MAR-23
8510,8510,GoBus,DDS 2018,8510,1844976,27-MAY-22
8511,8511,GoBus,DDS,8511,1844976,15-MAR-23
8512,8512,GoBus,DDS,8512,1844976,22-MAR-23
8513,8513,GoBus,DDS,8513,1844976,25-FEB-23
8514,8514,GoBus,DDS,8514,1844976,20-MAR-23
8515,8515,GoBus,DDS,8515,1844976,22-MAR-23
8516,8516,GoBus,DDS,8516,1844976,25-FEB-23
8517,8517,GoBus,DDS,8517,1844976,22-MAR-23
8518,8518,GoBus,DDS,8518,1844976,22-MAR-23
8519,8519,GoBus,DDS 2018,8519,1844976,13-SEP-22
8520,8520,GoBus,DDS 2018,8520,1844976,14-SEP-22
8521,8521,GoBus,DDS,8521,1844976,22-MAR-23
8522,8522,GoBus,DDSB,8522,1844976,22-MAR-23
8523,8523,GoBus,DDSB,8523,1844976,22-MAR-23
8524,8524,GoBus,DDSB,8524,1844976,22-MAR-23
8525,8525,GoBus,DDSB,8525,1844976,25-FEB-23
8526,8526,GoBus,DDS 2018,8526,1844976,24-JUL-22
8527,8527,GoBus,DDSB,8527,1844976,22-MAR-23
8528,8528,GoBus,DDSB,8528,1844976,22-MAR-23
8529,8529,GoBus,DDS 2018,8529,1844976,30-JUL-22
8530,8530,GoBus,DDSB,8530,1844976,22-MAR-23
8531,8531,GoBus,DDSB,8531,1844976,22-MAR-23
8532,8532,GoBus,DDSB,8532,1844976,22-FEB-23
8533,8533,GoBus,DDS 2018,8533,1844976,23-APR-22
8535,8535,GoBus,DDSB,8535,1844976,22-MAR-23
8536,8536,GoBus,DDSB,8536,1844976,22-MAR-23
8537,8537,GoBus,DDS 2018,8537,1844976,24-JUN-22
8538,8538,GoBus,DDSB,8538,1844976,22-MAR-23
8539,8539,GoBus,DDS 2018,8539,1844976,08-JUN-22
8540,8540,GoBus,DDSB,8540,1844976,22-MAR-23
8541,8541,GoBus,DDSB,8541,1844976,07-FEB-23
8542,8542,GoBus,DDSB,8542,1844976,22-MAR-23
8543,8543,GoBus,DDSB,8543,1844976,22-MAR-23
8544,8544,GoBus,DDSB,8544,1844976,22-MAR-23
8545,8545,GoBus,DDSB,8545,1844976,25-FEB-23
8546,8546,GoBus,DDSB,8546,1844976,22-MAR-23
8547,8547,GoBus,DDSB,8547,1844976,22-MAR-23
8548,8548,GoBus,DDS 2018,8548,1844976,14-AUG-22
8549,8549,GoBus,DDSB,8549,1844976,22-MAR-23
8550,8550,GoBus,DDSB,8550,1844976,22-MAR-23
8551,8551,GoBus,DDSB,8551,1844976,15-MAR-23
8552,8552,GoBus,DDS 2018,8552,1844976,02-JUL-22
8553,8553,GoBus,DDS 2018,8553,1844976,08-APR-22
8554,8554,GoBus,DDSB,8554,1844976,22-MAR-23
8555,8555,GoBus,DDSB,8555,1844976,22-MAR-23
8556,8556,GoBus,DDS 2018,8556,1844976,14-SEP-22
8557,8557,GoBus,DDSB,8557,1844976,22-MAR-23
8558,8558,GoBus,DDSB,8558,1844976,22-MAR-23
8559,8559,GoBus,DDSB,8559,1844976,09-MAR-23
8560,8560,GoBus,DDSB,8560,1844976,09-MAR-23
8561,8561,GoBus,DDSB,8561,1844976,22-MAR-23
8562,8562,GoBus,DDSB,8562,1844976,22-MAR-23
8563,8563,GoBus,DDSB,8563,1844976,22-MAR-23
8564,8564,GoBus,DDSB,8564,1844976,22-MAR-23
8565,8565,GoBus,DDSB,8565,1844976,09-MAR-23
8566,8566,GoBus,DDSB,8566,1844976,22-MAR-23
8567,8567,GoBus,DDSB,8567,1844976,22-MAR-23